{"cameraMode":{"drawMode":0,"name":"Shaded","section":"Shading Mode"},"sceneLighting":true,"audioPlay":false,"sceneViewState":{"m_AlwaysRefresh":false,"showFog":true,"showSkybox":true,"showFlares":true,"showImageEffects":true,"showParticleSystems":true,"showVisualEffectGraphs":true,"m_FxEnabled":true},"in2DMode":false,"pivot":{"x":213.04307556152345,"y":142.16371154785157,"z":226.95840454101563},"rotation":{"x":-0.11568018794059754,"y":-0.7675849795341492,"z":0.14467421174049378,"w":-0.6136243343353272},"size":24.72549057006836,"orthographic":false}