{"cameraMode":{"drawMode":0,"name":"Shaded","section":"Shading Mode"},"sceneLighting":true,"audioPlay":false,"sceneViewState":{"m_AlwaysRefresh":false,"showFog":true,"showSkybox":true,"showFlares":true,"showImageEffects":true,"showParticleSystems":true,"showVisualEffectGraphs":true,"m_FxEnabled":true},"in2DMode":false,"pivot":{"x":45.98038101196289,"y":-47.74662780761719,"z":23.641525268554689},"rotation":{"x":0.0011303696082904935,"y":0.773932158946991,"z":-0.6333198547363281,"w":0.0014025053242221475},"size":95.07788848876953,"orthographic":false}