{"cameraMode":{"drawMode":0,"name":"Shaded","section":"Shading Mode"},"sceneLighting":true,"audioPlay":false,"sceneViewState":{"m_AlwaysRefresh":false,"showFog":true,"showSkybox":true,"showFlares":true,"showImageEffects":true,"showParticleSystems":true,"showVisualEffectGraphs":true,"m_FxEnabled":true},"in2DMode":false,"pivot":{"x":48.96768569946289,"y":-48.607017517089847,"z":24.764556884765626},"rotation":{"x":0.006705841049551964,"y":0.9164969325065613,"z":-0.3997652530670166,"w":0.015404648147523404},"size":77.67727661132813,"orthographic":false}