{"cameraMode":{"drawMode":0,"name":"Shaded","section":"Shading Mode"},"sceneLighting":true,"audioPlay":false,"sceneViewState":{"m_AlwaysRefresh":false,"showFog":true,"showSkybox":true,"showFlares":true,"showImageEffects":true,"showParticleSystems":true,"showVisualEffectGraphs":true,"m_FxEnabled":true},"in2DMode":false,"pivot":{"x":9.300993919372559,"y":2.113065719604492,"z":-0.4904966354370117},"rotation":{"x":-0.22488339245319367,"y":-0.004121376667171717,"z":0.0009153288556262851,"w":-0.9744445085525513},"size":7.8824872970581059,"orthographic":false}